rule_id,scenario_id,name,type,execution_status,evaluator,required_datasets,required_fields,positive_test,negative_test,boundary_test,missing_input_test,effective_date_test,exclusion_test,ui_visibility,reason_code,notes
ENT-01-R01,ENT-01,Coverage inactive,H,EXECUTABLE,effective_date_range,claim_header;coverage_period;benefit_rule,claim.service_date;coverage.valid_from;coverage.valid_to,test_evaluators.py,test_evaluators.py,test_evaluators.py,test_evaluators.py,test_evaluators.py,test_evaluators.py,Rules registry and detail,ENT_01_R01_SIGNAL,Raw trigger: `service_time NOT BETWEEN coverage.valid_from AND coverage.valid_to`
ENT-01-R02,ENT-01,Benefit not covered,H,EXECUTABLE,reference_match,claim_header;coverage_period;benefit_rule,benefit.covered,test_evaluators.py,test_evaluators.py,test_evaluators.py,test_evaluators.py,test_evaluators.py,test_evaluators.py,Rules registry and detail,ENT_01_R02_SIGNAL,"Raw trigger: `expected_benefit(activity_family, product).covered = false`"
ENT-01-R03,ENT-01,Benefit limit exceeded,H,EXECUTABLE,numeric_threshold,claim_header;coverage_period;benefit_rule,benefit.paid_or_authorized_ytd;claim.requested_payable;benefit.limit,test_evaluators.py,test_evaluators.py,test_evaluators.py,test_evaluators.py,test_evaluators.py,test_evaluators.py,Rules registry and detail,ENT_01_R03_SIGNAL,Raw trigger: `paid_or_authorized_ytd + requested_payable > benefit_limit`
ENT-01-R04,ENT-01,Network/referral violation,H,EXECUTABLE,required_presence,claim_header;coverage_period;benefit_rule,provider.network_id;coverage.network_id;referral.present,test_evaluators.py,test_evaluators.py,test_evaluators.py,test_evaluators.py,test_evaluators.py,test_evaluators.py,Rules registry and detail,ENT_01_R04_SIGNAL,Raw trigger: Provider/route outside effective network or required referral missing
ENT-02-R01,ENT-02,Authoritative identity conflict,H,EXECUTABLE,reference_match,claim_header;member;encounter;claim_history,claim_header.authoritative_identity_conflict_observed;reference.authoritative_identity_conflict_expected,test_evaluators.py,test_evaluators.py,test_evaluators.py,test_evaluators.py,test_evaluators.py,test_evaluators.py,Rules registry and detail,ENT_02_R01_SIGNAL,Raw trigger: Protected national-ID token maps to different enrolled member or DOB/sex conflicts with authoritative record
ENT-02-R02,ENT-02,Post-mortem service,H,EXECUTABLE,date_window,claim_header;member;encounter;claim_history,encounter.service_start;member.confirmed_death_date,test_evaluators.py,test_evaluators.py,test_evaluators.py,test_evaluators.py,test_evaluators.py,test_evaluators.py,Rules registry and detail,ENT_02_R02_SIGNAL,Raw trigger: `service_start > confirmed_death_date + cfg.reporting_tolerance`
ENT-02-R03,ENT-02,Member impossible presence,S,EXECUTABLE,peer_threshold,claim_header;member;encounter;claim_history,member.overlapping_encounter_count;member.travel_speed_kph,test_evaluators.py,test_evaluators.py,test_evaluators.py,test_evaluators.py,test_evaluators.py,test_evaluators.py,Rules registry and detail,ENT_02_R03_SIGNAL,Raw trigger: Same member has overlapping encounters or travel speed above `cfg.max_speed`
ENT-02-R04,ENT-02,Card-sharing utilization pattern,S,EXECUTABLE,peer_threshold,claim_header;member;encounter;claim_history,features.card_sharing_utilization_pattern;peer.entity_count;features.denominator,test_evaluators.py,test_evaluators.py,test_evaluators.py,test_evaluators.py,test_evaluators.py,test_evaluators.py,Rules registry and detail,ENT_02_R04_SIGNAL,Raw trigger: Incompatible concurrent geography/provider clusters or abrupt demographic-inconsistent service pattern
ENT-03-R01,ENT-03,Inactive/expired licence,H,EXECUTABLE,reference_match,claim_line;provider;provider_status,claim_line.inactive_expired_licence_observed;reference.inactive_expired_licence_expected,test_evaluators.py,test_evaluators.py,test_evaluators.py,test_evaluators.py,test_evaluators.py,test_evaluators.py,Rules registry and detail,ENT_03_R01_SIGNAL,"Raw trigger: Rendering, ordering, dispensing or facility licence not active at service time"
ENT-03-R02,ENT-03,Excluded/watch-listed entity,H,EXECUTABLE,compound_reference,claim_line;provider;provider_status,claim_line.excluded_watch_listed_entity_observed;reference.excluded_watch_listed_entity_expected,test_evaluators.py,test_evaluators.py,test_evaluators.py,test_evaluators.py,test_evaluators.py,test_evaluators.py,Rules registry and detail,ENT_03_R02_SIGNAL,Raw trigger: Effective match on regulator or approved internal exclusion list
ENT-03-R03,ENT-03,Hard privilege violation,H,EXECUTABLE,reference_match,claim_line;provider;provider_status,claim_line.hard_privilege_violation_observed;reference.hard_privilege_violation_expected,test_evaluators.py,test_evaluators.py,test_evaluators.py,test_evaluators.py,test_evaluators.py,test_evaluators.py,Rules registry and detail,ENT_03_R03_SIGNAL,Raw trigger: Activity outside regulator/facility privilege explicitly marked prohibited
ENT-03-R04,ENT-03,Soft specialty mismatch,E,EXECUTABLE,reference_match,claim_line;provider;provider_status,claim_line.soft_specialty_mismatch_observed;reference.soft_specialty_mismatch_expected,test_evaluators.py,test_evaluators.py,test_evaluators.py,test_evaluators.py,test_evaluators.py,test_evaluators.py,Rules registry and detail,ENT_03_R04_SIGNAL,Raw trigger: Activity outside curated specialty map but not legally prohibited
ENT-03-R05,ENT-03,Dormant/new/non-operational provider burst,S,EXECUTABLE,required_presence,claim_line;provider;provider_status,claim_line.dormant_new_non_operational_provider_burst_present,test_evaluators.py,test_evaluators.py,test_evaluators.py,test_evaluators.py,test_evaluators.py,test_evaluators.py,Rules registry and detail,ENT_03_R05_SIGNAL,Raw trigger: New/reactivated provider immediately exceeds specialty volume/value percentile or lacks expected operating footprint
ENT-04-R01,ENT-04,Missing/invalid rendering clinician,H,EXECUTABLE,required_presence,claim_line;provider;encounter;claim_history,claim_line.missing_invalid_rendering_clinician_present,test_evaluators.py,test_evaluators.py,test_evaluators.py,test_evaluators.py,test_evaluators.py,test_evaluators.py,Rules registry and detail,ENT_04_R01_SIGNAL,"Raw trigger: Service family requires rendering clinician and ID is null, facility-only, or invalid"
ENT-04-R02,ENT-04,Billing-rendering role conflict,H/E,EXECUTABLE,reference_match,claim_line;provider;encounter;claim_history,claim_line.billing_rendering_role_conflict_observed;reference.billing_rendering_role_conflict_expected,test_evaluators.py,test_evaluators.py,test_evaluators.py,test_evaluators.py,test_evaluators.py,test_evaluators.py,Rules registry and detail,ENT_04_R02_SIGNAL,Raw trigger: Billing/rendering/ordering/supervising combination violates explicit role rule
ENT-04-R03,ENT-04,Concurrent clinician services,S,EXECUTABLE,peer_threshold,claim_line;provider;encounter;claim_history,features.concurrent_clinician_services;peer.entity_count;features.denominator,test_evaluators.py,test_evaluators.py,test_evaluators.py,test_evaluators.py,test_evaluators.py,test_evaluators.py,Rules registry and detail,ENT_04_R03_SIGNAL,Raw trigger: Clinician has overlapping time-dependent services beyond `cfg.max_concurrency`
ENT-04-R04,ENT-04,Geographic or leave impossibility,S,EXECUTABLE,peer_threshold,claim_line;provider;encounter;claim_history,features.geographic_or_leave_impossibility;peer.entity_count;features.denominator,test_evaluators.py,test_evaluators.py,test_evaluators.py,test_evaluators.py,test_evaluators.py,test_evaluators.py,Rules registry and detail,ENT_04_R04_SIGNAL,Raw trigger: Clinician claims during confirmed leave/out-of-country period or impossible facility travel
ENT-05-R01,ENT-05,Facility-type incompatibility,H,EXECUTABLE,reference_match,claim_header;claim_line;encounter;provider_status,claim_header.facility_type_incompatibility_observed;reference.facility_type_incompatibility_expected,test_evaluators.py,test_evaluators.py,test_evaluators.py,test_evaluators.py,test_evaluators.py,test_evaluators.py,Rules registry and detail,ENT_05_R01_SIGNAL,Raw trigger: Claimed encounter/activity requires a facility type not matching licence
ENT-05-R02,ENT-05,Admission evidence conflict,H/E,EXECUTABLE,required_presence,claim_header;claim_line;encounter;provider_status,claim_header.admission_evidence_conflict_present,test_evaluators.py,test_evaluators.py,test_evaluators.py,test_evaluators.py,test_evaluators.py,test_evaluators.py,Rules registry and detail,ENT_05_R02_SIGNAL,"Raw trigger: Inpatient/ICU/day-case billing lacks admission, bed, discharge or required Observation trail"
ENT-05-R03,ENT-05,Related-claim setting conflict,E,EXECUTABLE,reference_match,claim_header;claim_line;encounter;provider_status,claim_header.related_claim_setting_conflict_observed;reference.related_claim_setting_conflict_expected,test_evaluators.py,test_evaluators.py,test_evaluators.py,test_evaluators.py,test_evaluators.py,test_evaluators.py,Rules registry and detail,ENT_05_R03_SIGNAL,Raw trigger: Professional and facility claims for same episode disagree on setting
ENT-05-R04,ENT-05,Setting-shift anomaly,S,EXECUTABLE,change_threshold,claim_header;claim_line;encounter;provider_status,features.setting_shift_anomaly;peer.entity_count;features.denominator,test_evaluators.py,test_evaluators.py,test_evaluators.py,test_evaluators.py,test_evaluators.py,test_evaluators.py,Rules registry and detail,ENT_05_R04_SIGNAL,Raw trigger: Provider's better-paid setting share rises beyond changepoint and peer threshold
ENT-06-R01,ENT-06,Telehealth eligibility/setting failure,H,EXECUTABLE,compound_reference,claim_line;encounter;provider;provider_network,claim_line.telehealth_eligibility_setting_failure_observed;reference.telehealth_eligibility_setting_failure_expected,test_evaluators.py,test_evaluators.py,test_evaluators.py,test_evaluators.py,test_evaluators.py,test_evaluators.py,Rules registry and detail,ENT_06_R01_SIGNAL,"Raw trigger: Telehealth code billed for ineligible service, member geography or provider privilege"
ENT-06-R02,ENT-06,No meaningful clinical interaction,E/T,DEFERRED_DOCUMENT,,N/A,N/A,N/A,N/A,N/A,N/A,N/A,N/A,Rules registry and detail,ENT_06_R02_SIGNAL,Raw trigger: Remote order has no qualifying encounter/note or interaction duration below policy minimum
ENT-06-R03,ENT-06,Downstream referral concentration,S/N,EXECUTABLE,graph_threshold,claim_line;encounter;provider;provider_network,graph.downstream_referral_concentration;graph.support_count,test_evaluators.py,test_evaluators.py,test_evaluators.py,test_evaluators.py,test_evaluators.py,test_evaluators.py,Rules registry and detail,ENT_06_R03_SIGNAL,Raw trigger: Telehealth provider sends share above peer threshold to one lab/pharmacy/device supplier
ENT-06-R04,ENT-06,Remote-order conversion spike,S,EXECUTABLE,change_threshold,claim_line;encounter;provider;provider_network,features.remote_order_conversion_spike;peer.entity_count;features.denominator,test_evaluators.py,test_evaluators.py,test_evaluators.py,test_evaluators.py,test_evaluators.py,test_evaluators.py,Rules registry and detail,ENT_06_R04_SIGNAL,Raw trigger: Downstream high-cost test/drug/device conversion materially exceeds adjusted peers
PAY-01-R01,PAY-01,Exact line duplicate,H,EXECUTABLE,duplicate_count,claim_header;claim_line;claim_history;claim_version,claim_line.exact_match_count,test_evaluators.py,test_evaluators.py,test_evaluators.py,test_evaluators.py,test_evaluators.py,test_evaluators.py,Rules registry and detail,PAY_01_R01_SIGNAL,Raw trigger: Same payer/member/provider/code/date/units/amount and no valid repeat indicator in active lineage
PAY-01-R02,PAY-01,Near duplicate,H,EXECUTABLE,duplicate_count,claim_header;claim_line;claim_history;claim_version,claim_line.near_match_count;claim_line.match_age_days,test_evaluators.py,test_evaluators.py,test_evaluators.py,test_evaluators.py,test_evaluators.py,test_evaluators.py,Rules registry and detail,PAY_01_R02_SIGNAL,"Raw trigger: Same clinical service with changed claim ID, amount, units or code equivalent within `cfg.window`"
PAY-01-R03,PAY-01,Split-claim duplicate,H,EXECUTABLE,duplicate_count,claim_header;claim_line;claim_history;claim_version,episode.component_match_count,test_evaluators.py,test_evaluators.py,test_evaluators.py,test_evaluators.py,test_evaluators.py,test_evaluators.py,Rules registry and detail,PAY_01_R03_SIGNAL,Raw trigger: Component/identical service appears across claim headers for same episode
PAY-01-R04,PAY-01,Cross-payer duplicate,H/S,EXECUTABLE,duplicate_count,claim_header;claim_line;claim_history;claim_version,claim.cross_payer_paid_match_count,test_evaluators.py,test_evaluators.py,test_evaluators.py,test_evaluators.py,test_evaluators.py,test_evaluators.py,Rules registry and detail,PAY_01_R04_SIGNAL,Raw trigger: Privacy-preserving member/service match paid by multiple payers
PAY-02-R01,PAY-02,Same-claim component edit,H,EXECUTABLE,compound_reference,claim_line;claim_history;package_reference,claim_line.same_claim_component_edit_observed;reference.same_claim_component_edit_expected,test_evaluators.py,test_evaluators.py,test_evaluators.py,test_evaluators.py,test_evaluators.py,test_evaluators.py,Rules registry and detail,PAY_02_R01_SIGNAL,Raw trigger: Parent and separately payable component match effective bundling edit
PAY-02-R02,PAY-02,Cross-claim/cross-provider component,H/E,EXECUTABLE,date_window,claim_line;claim_history;package_reference,claim_line.cross_claim_cross_provider_component_days,test_evaluators.py,test_evaluators.py,test_evaluators.py,test_evaluators.py,test_evaluators.py,test_evaluators.py,Rules registry and detail,PAY_02_R02_SIGNAL,Raw trigger: Included component billed on related claim in global/episode window
PAY-02-R03,PAY-02,Package completeness/zero-price lines,H,EXECUTABLE,required_presence,claim_line;claim_history;package_reference,claim_line.package_completeness_zero_price_lines_present,test_evaluators.py,test_evaluators.py,test_evaluators.py,test_evaluators.py,test_evaluators.py,test_evaluators.py,Rules registry and detail,PAY_02_R03_SIGNAL,"Raw trigger: Required package activities absent, or included activity has non-zero charge"
PAY-02-R04,PAY-02,DRG/inclusive leakage,H,EXECUTABLE,compound_reference,claim_line;claim_history;package_reference,claim_line.drg_inclusive_leakage_observed;reference.drg_inclusive_leakage_expected,test_evaluators.py,test_evaluators.py,test_evaluators.py,test_evaluators.py,test_evaluators.py,test_evaluators.py,Rules registry and detail,PAY_02_R04_SIGNAL,Raw trigger: FFS line separately paid although included in DRG/package
PAY-02-R05,PAY-02,Novel unbundling pattern,S,EXECUTABLE,peer_threshold,claim_line;claim_history;package_reference,features.novel_unbundling_pattern;peer.entity_count;features.denominator,test_evaluators.py,test_evaluators.py,test_evaluators.py,test_evaluators.py,test_evaluators.py,test_evaluators.py,Rules registry and detail,PAY_02_R05_SIGNAL,Raw trigger: Provider has abnormal profitable component co-occurrence not in known edit table
PAY-03-R01,PAY-03,Invalid/effective-date code,H,EXECUTABLE,required_presence,claim_line;code_reference;encounter,claim_line.invalid_effective_date_code_present,test_evaluators.py,test_evaluators.py,test_evaluators.py,test_evaluators.py,test_evaluators.py,test_evaluators.py,Rules registry and detail,PAY_03_R01_SIGNAL,Raw trigger: Code absent from declared code system/version or inactive at service date
PAY-03-R02,PAY-03,Hard demographic impossibility,H,EXECUTABLE,compound_reference,claim_line;code_reference;encounter,claim_line.hard_demographic_impossibility_observed;reference.hard_demographic_impossibility_expected,test_evaluators.py,test_evaluators.py,test_evaluators.py,test_evaluators.py,test_evaluators.py,test_evaluators.py,Rules registry and detail,PAY_03_R02_SIGNAL,Raw trigger: Explicit age/sex restriction fails
PAY-03-R03,PAY-03,Unit maximum,H/E,EXECUTABLE,numeric_threshold,claim_line;code_reference;encounter,claim_line.units;policy.maximum_units,test_evaluators.py,test_evaluators.py,test_evaluators.py,test_evaluators.py,test_evaluators.py,test_evaluators.py,Rules registry and detail,PAY_03_R03_SIGNAL,Raw trigger: Daily/episode units exceed administrative or clinical maximum
PAY-03-R04,PAY-03,Time-unit inconsistency,H/E,EXECUTABLE,numeric_threshold,claim_line;code_reference;encounter,claim_line.units;claim_line.service_minutes;policy.minutes_per_unit,test_evaluators.py,test_evaluators.py,test_evaluators.py,test_evaluators.py,test_evaluators.py,test_evaluators.py,Rules registry and detail,PAY_03_R04_SIGNAL,Raw trigger: Time-derived units do not match start/end time or overlap impossible services
PAY-04-R01,PAY-04,Missing required authorization,H,EXECUTABLE,required_presence,claim_line;authorization;authorization_line,authorization.required;authorization.present,test_evaluators.py,test_evaluators.py,test_evaluators.py,test_evaluators.py,test_evaluators.py,test_evaluators.py,Rules registry and detail,PAY_04_R01_SIGNAL,Raw trigger: Activity requires authorization and no valid link exists
PAY-04-R02,PAY-04,Invalid timing/status,H,EXECUTABLE,effective_date_range,claim_line;authorization;authorization_line,claim.service_date;authorization.valid_from;authorization.valid_to;authorization.status,test_evaluators.py,test_evaluators.py,test_evaluators.py,test_evaluators.py,test_evaluators.py,test_evaluators.py,Rules registry and detail,PAY_04_R02_SIGNAL,Raw trigger: Service outside authorization validity or authorization denied/cancelled
PAY-04-R03,PAY-04,Code/provider/facility scope mismatch,H,EXECUTABLE,reference_match,claim_line;authorization;authorization_line,claim_line.code_provider_facility_scope_mismatch_observed;reference.code_provider_facility_scope_mismatch_expected,test_evaluators.py,test_evaluators.py,test_evaluators.py,test_evaluators.py,test_evaluators.py,test_evaluators.py,Rules registry and detail,PAY_04_R03_SIGNAL,Raw trigger: Claim dimension not equal/equivalent to approved dimension
PAY-04-R04,PAY-04,Quantity/value exhaustion,H,EXECUTABLE,numeric_threshold,claim_line;authorization;authorization_line,authorization.consumed_units;claim_line.units;authorization.approved_units,test_evaluators.py,test_evaluators.py,test_evaluators.py,test_evaluators.py,test_evaluators.py,test_evaluators.py,Rules registry and detail,PAY_04_R04_SIGNAL,Raw trigger: Cumulative claimed/paid plus current exceeds approved units/value
PAY-04-R05,PAY-04,Authorization reuse,H/S,EXECUTABLE,duplicate_count,claim_line;authorization;authorization_line,claim_line.authorization_reuse_match_count,test_evaluators.py,test_evaluators.py,test_evaluators.py,test_evaluators.py,test_evaluators.py,test_evaluators.py,Rules registry and detail,PAY_04_R05_SIGNAL,Raw trigger: Same authorization consumed by unrelated members/episodes/providers or after exhaustion
PAY-05-R01,PAY-05,Prohibited code-indicator pair,H,EXECUTABLE,required_presence,claim_line;code_reference;observation,claim_line.prohibited_code_indicator_pair_present,test_evaluators.py,test_evaluators.py,test_evaluators.py,test_evaluators.py,test_evaluators.py,test_evaluators.py,Rules registry and detail,PAY_05_R01_SIGNAL,Raw trigger: Pair absent/prohibited in effective policy table
PAY-05-R02,PAY-05,Required support absent,E/T,DEFERRED_DOCUMENT,,N/A,N/A,N/A,N/A,N/A,N/A,N/A,N/A,Rules registry and detail,PAY_05_R02_SIGNAL,Raw trigger: Enabling indicator requires Observation/report/narrative and artifact is missing
PAY-05-R03,PAY-05,Provider use-rate outlier,S,EXECUTABLE,peer_threshold,claim_line;code_reference;observation,features.provider_use_rate_outlier;peer.entity_count;features.denominator,test_evaluators.py,test_evaluators.py,test_evaluators.py,test_evaluators.py,test_evaluators.py,test_evaluators.py,Rules registry and detail,PAY_05_R03_SIGNAL,Raw trigger: Indicator rate exceeds shrunk specialty peer percentile
PAY-05-R04,PAY-05,Post-edit migration,S,EXECUTABLE,change_threshold,claim_line;code_reference;observation,features.post_edit_migration;peer.entity_count;features.denominator,test_evaluators.py,test_evaluators.py,test_evaluators.py,test_evaluators.py,test_evaluators.py,test_evaluators.py,Rules registry and detail,PAY_05_R04_SIGNAL,Raw trigger: Usage spikes after new edit and disproportionately converts denials to payment
PAY-06-R01,PAY-06,Tariff/contract price variance,H,EXECUTABLE,numeric_threshold,claim_header;claim_line;tariff_reference,claim_line.submitted_unit_price;tariff.allowed_unit_price,test_evaluators.py,test_evaluators.py,test_evaluators.py,test_evaluators.py,test_evaluators.py,test_evaluators.py,Rules registry and detail,PAY_06_R01_SIGNAL,Raw trigger: Submitted price basis differs from effective allowed price outside rounding tolerance
PAY-06-R02,PAY-06,Gross/net/share arithmetic failure,H,EXECUTABLE,arithmetic_balance,claim_header;claim_line;tariff_reference,claim.gross_amount;claim.valid_discount;claim.patient_share;claim.net_amount,test_evaluators.py,test_evaluators.py,test_evaluators.py,test_evaluators.py,test_evaluators.py,test_evaluators.py,Rules registry and detail,PAY_06_R02_SIGNAL,Raw trigger: Amount relationships violate transaction or contract equation
PAY-06-R03,PAY-06,Billed amount peer outlier,S,EXECUTABLE,peer_threshold,claim_header;claim_line;tariff_reference,features.billed_amount_peer_outlier;peer.entity_count;features.denominator,test_evaluators.py,test_evaluators.py,test_evaluators.py,test_evaluators.py,test_evaluators.py,test_evaluators.py,Rules registry and detail,PAY_06_R03_SIGNAL,Raw trigger: Code-level amount above contract-adjusted peer threshold
PAY-06-R04,PAY-06,Approved-to-billed pattern,S,EXECUTABLE,peer_threshold,claim_header;claim_line;tariff_reference,features.approved_to_billed_pattern;peer.entity_count;features.denominator,test_evaluators.py,test_evaluators.py,test_evaluators.py,test_evaluators.py,test_evaluators.py,test_evaluators.py,Rules registry and detail,PAY_06_R04_SIGNAL,Raw trigger: Persistent low approval ratio or suspiciously invariant full approval versus peers
PAY-07-R01,PAY-07,Expected-share mismatch,H,EXECUTABLE,reference_match,claim_header;claim_line;benefit_rule;remittance,claim.patient_share;benefit.expected_patient_share,test_evaluators.py,test_evaluators.py,test_evaluators.py,test_evaluators.py,test_evaluators.py,test_evaluators.py,Rules registry and detail,PAY_07_R01_SIGNAL,Raw trigger: Submitted claim/Activity share differs from benefit calculation
PAY-07-R02,PAY-07,Share shifted to payer,H,EXECUTABLE,arithmetic_balance,claim_header;claim_line;benefit_rule;remittance,claim.gross_amount;claim.valid_discount;claim.patient_share;claim.net_amount,test_evaluators.py,test_evaluators.py,test_evaluators.py,test_evaluators.py,test_evaluators.py,test_evaluators.py,Rules registry and detail,PAY_07_R02_SIGNAL,Raw trigger: `gross - valid_discount - patient_share != net` or waived share included in net
PAY-07-R03,PAY-07,Systematic zero/rounded share,S,EXECUTABLE,peer_threshold,claim_header;claim_line;benefit_rule;remittance,features.systematic_zero_rounded_share;peer.entity_count;features.denominator,test_evaluators.py,test_evaluators.py,test_evaluators.py,test_evaluators.py,test_evaluators.py,test_evaluators.py,Rules registry and detail,PAY_07_R03_SIGNAL,Raw trigger: Provider zero-share or repeated-rounding rate exceeds product-adjusted peers
PAY-07-R04,PAY-07,Excess patient charge/balance bill,H/S,EXECUTABLE,peer_threshold,claim_header;claim_line;benefit_rule;remittance,features.excess_patient_charge_balance_bill;peer.entity_count;features.denominator,test_evaluators.py,test_evaluators.py,test_evaluators.py,test_evaluators.py,test_evaluators.py,test_evaluators.py,Rules registry and detail,PAY_07_R04_SIGNAL,Raw trigger: Receipt/complaint/collection data exceeds approved patient liability
PAY-08-R01,PAY-08,Missing/broken lineage,H,EXECUTABLE,required_presence,claim_header;claim_line;claim_version;remittance,claim_header.missing_broken_lineage_present,test_evaluators.py,test_evaluators.py,test_evaluators.py,test_evaluators.py,test_evaluators.py,test_evaluators.py,Rules registry and detail,PAY_08_R01_SIGNAL,Raw trigger: Correction/resubmission lacks valid prior payer ID/type or references unrelated claim
PAY-08-R02,PAY-08,Reimbursement-enabling field mutation,H/E,EXECUTABLE,compound_reference,claim_header;claim_line;claim_version;remittance,claim_header.reimbursement_enabling_field_mutation_observed;reference.reimbursement_enabling_field_mutation_expected,test_evaluators.py,test_evaluators.py,test_evaluators.py,test_evaluators.py,test_evaluators.py,test_evaluators.py,Rules registry and detail,PAY_08_R02_SIGNAL,"Raw trigger: Denied line changes diagnosis, code, units, provider, setting or indicator without coherent correction evidence"
PAY-08-R03,PAY-08,Repeated resubmission loop,S,EXECUTABLE,peer_threshold,claim_header;claim_line;claim_version;remittance,features.repeated_resubmission_loop;peer.entity_count;features.denominator,test_evaluators.py,test_evaluators.py,test_evaluators.py,test_evaluators.py,test_evaluators.py,test_evaluators.py,Rules registry and detail,PAY_08_R03_SIGNAL,Raw trigger: Attempts per underlying service exceed `cfg.max_attempts` or alternate variants until paid
PAY-08-R04,PAY-08,Edit-learning success anomaly,S,EXECUTABLE,peer_threshold,claim_header;claim_line;claim_version;remittance,features.edit_learning_success_anomaly;peer.entity_count;features.denominator,test_evaluators.py,test_evaluators.py,test_evaluators.py,test_evaluators.py,test_evaluators.py,test_evaluators.py,Rules registry and detail,PAY_08_R04_SIGNAL,Raw trigger: Provider's mutated resubmission success materially exceeds peers and concentrates on specific denial edits
PAY-09-R01,PAY-09,Code-description/document conflict,E/T,DEFERRED_DOCUMENT,,N/A,N/A,N/A,N/A,N/A,N/A,N/A,N/A,Rules registry and detail,PAY_09_R01_SIGNAL,Raw trigger: Note/order/Observation describes an uncovered service while claim uses covered code
PAY-09-R02,PAY-09,Covered-code substitution pattern,S,EXECUTABLE,peer_threshold,claim_line;diagnosis;code_reference,features.covered_code_substitution_pattern;peer.entity_count;features.denominator,test_evaluators.py,test_evaluators.py,test_evaluators.py,test_evaluators.py,test_evaluators.py,test_evaluators.py,Rules registry and detail,PAY_09_R02_SIGNAL,Raw trigger: Provider uses a payable proxy code unusually often around denied/non-covered services
PAY-09-R03,PAY-09,Cosmetic/alternative/non-medical disguise,E,EXECUTABLE,compound_reference,claim_line;diagnosis;code_reference,claim_line.cosmetic_alternative_non_medical_disguise_observed;reference.cosmetic_alternative_non_medical_disguise_expected,test_evaluators.py,test_evaluators.py,test_evaluators.py,test_evaluators.py,test_evaluators.py,test_evaluators.py,Rules registry and detail,PAY_09_R03_SIGNAL,"Raw trigger: Diagnosis, setting and product combination matches approved disguise-risk policy"
PAY-09-R04,PAY-09,Member/provider confirmation mismatch,S,EXECUTABLE,reference_match,claim_line;diagnosis;code_reference,claim_line.member_provider_confirmation_mismatch_observed;reference.member_provider_confirmation_mismatch_expected,test_evaluators.py,test_evaluators.py,test_evaluators.py,test_evaluators.py,test_evaluators.py,test_evaluators.py,Rules registry and detail,PAY_09_R04_SIGNAL,Raw trigger: Member receipt/confirmation describes different item/service than billed
PAY-10-R01,PAY-10,Other coverage not coordinated,H,EXECUTABLE,compound_reference,claim_header;coverage_period;remittance,claim_header.other_coverage_not_coordinated_observed;reference.other_coverage_not_coordinated_expected,test_evaluators.py,test_evaluators.py,test_evaluators.py,test_evaluators.py,test_evaluators.py,test_evaluators.py,Rules registry and detail,PAY_10_R01_SIGNAL,Raw trigger: Active primary/other coverage exists but claim submitted with wrong payer order
PAY-10-R02,PAY-10,Multi-payer overpayment,H,EXECUTABLE,arithmetic_balance,claim_header;coverage_period;remittance,claim.total_payer_payments;claim.patient_liability;tariff.allowable_charge,test_evaluators.py,test_evaluators.py,test_evaluators.py,test_evaluators.py,test_evaluators.py,test_evaluators.py,Rules registry and detail,PAY_10_R02_SIGNAL,Raw trigger: Sum of payer payments + patient liability exceeds allowable charge
PAY-10-R03,PAY-10,Accident/liability indicator missing,H/E,EXECUTABLE,required_presence,claim_header;coverage_period;remittance,claim_header.accident_liability_indicator_missing_present,test_evaluators.py,test_evaluators.py,test_evaluators.py,test_evaluators.py,test_evaluators.py,test_evaluators.py,Rules registry and detail,PAY_10_R03_SIGNAL,Raw trigger: Diagnosis/encounter suggests road/work/third-party event but liable-party fields absent
PAY-10-R04,PAY-10,Duplicate recovery after settlement,H,EXECUTABLE,duplicate_count,claim_header;coverage_period;remittance,claim_header.duplicate_recovery_after_settlement_match_count,test_evaluators.py,test_evaluators.py,test_evaluators.py,test_evaluators.py,test_evaluators.py,test_evaluators.py,Rules registry and detail,PAY_10_R04_SIGNAL,Raw trigger: Claim paid by health payer after documented third-party settlement without offset
PAY-11-R01,PAY-11,Unauthorized/manual override,H,EXECUTABLE,compound_reference,claim_header;remittance;adjudicator_event,claim_header.unauthorized_manual_override_observed;reference.unauthorized_manual_override_expected,test_evaluators.py,test_evaluators.py,test_evaluators.py,test_evaluators.py,test_evaluators.py,test_evaluators.py,Rules registry and detail,PAY_11_R01_SIGNAL,"Raw trigger: Denial/edit overridden without required role, approval or reason"
PAY-11-R02,PAY-11,Adjudicator-provider concentration,S/N,EXECUTABLE,graph_threshold,claim_header;remittance;adjudicator_event,graph.adjudicator_provider_concentration;graph.support_count,test_evaluators.py,test_evaluators.py,test_evaluators.py,test_evaluators.py,test_evaluators.py,test_evaluators.py,Rules registry and detail,PAY_11_R02_SIGNAL,Raw trigger: Employee's override/payment volume to provider materially exceeds adjusted peers
PAY-11-R03,PAY-11,Post-settlement upward adjustment,H/S,EXECUTABLE,peer_threshold,claim_header;remittance;adjudicator_event,features.post_settlement_upward_adjustment;peer.entity_count;features.denominator,test_evaluators.py,test_evaluators.py,test_evaluators.py,test_evaluators.py,test_evaluators.py,test_evaluators.py,Rules registry and detail,PAY_11_R03_SIGNAL,Raw trigger: Paid amount increased after settlement without valid adjustment reason/workflow
PAY-11-R04,PAY-11,Suspicious full-pay/invariant decisions,S,EXECUTABLE,peer_threshold,claim_header;remittance;adjudicator_event,features.suspicious_full_pay_invariant_decisions;peer.entity_count;features.denominator,test_evaluators.py,test_evaluators.py,test_evaluators.py,test_evaluators.py,test_evaluators.py,test_evaluators.py,Rules registry and detail,PAY_11_R04_SIGNAL,Raw trigger: Adjudicator/provider pair shows unusually high approval and low variance despite comparable edits
PAY-12-R01,PAY-12,Paid cancelled/reversed claim,H,EXECUTABLE,compound_reference,claim_header;remittance;recovery_event,claim_header.paid_cancelled_reversed_claim_observed;reference.paid_cancelled_reversed_claim_expected,test_evaluators.py,test_evaluators.py,test_evaluators.py,test_evaluators.py,test_evaluators.py,test_evaluators.py,Rules registry and detail,PAY_12_R01_SIGNAL,Raw trigger: Net payment remains after effective cancellation/reversal
PAY-12-R02,PAY-12,Duplicate remittance/payment reference,H,EXECUTABLE,duplicate_count,claim_header;remittance;recovery_event,claim_header.duplicate_remittance_payment_reference_match_count,test_evaluators.py,test_evaluators.py,test_evaluators.py,test_evaluators.py,test_evaluators.py,test_evaluators.py,Rules registry and detail,PAY_12_R02_SIGNAL,Raw trigger: Same payable claim/line paid more than once or payment reference reused inconsistently
PAY-12-R03,PAY-12,Unapplied provider refund/credit,H,EXECUTABLE,compound_reference,claim_header;remittance;recovery_event,claim_header.unapplied_provider_refund_credit_observed;reference.unapplied_provider_refund_credit_expected,test_evaluators.py,test_evaluators.py,test_evaluators.py,test_evaluators.py,test_evaluators.py,test_evaluators.py,Rules registry and detail,PAY_12_R03_SIGNAL,Raw trigger: Received credit/refund not linked to outstanding recovery within SLA
PAY-12-R04,PAY-12,Negative/offset manipulation,S,EXECUTABLE,peer_threshold,claim_header;remittance;recovery_event,features.negative_offset_manipulation;peer.entity_count;features.denominator,test_evaluators.py,test_evaluators.py,test_evaluators.py,test_evaluators.py,test_evaluators.py,test_evaluators.py,Rules registry and detail,PAY_12_R04_SIGNAL,Raw trigger: Provider repeatedly offsets credits against unrelated claims or delays reversals versus peers
CLN-01-R01,CLN-01,High-level code share,S,EXECUTABLE,peer_threshold,claim_line;diagnosis;encounter;provider_features,features.high_level_code_share;peer.entity_count;features.denominator,test_evaluators.py,test_evaluators.py,test_evaluators.py,test_evaluators.py,test_evaluators.py,test_evaluators.py,Rules registry and detail,CLN_01_R01_SIGNAL,Raw trigger: Highest-paid level share in code family exceeds shrunk peer percentile
CLN-01-R02,CLN-01,Expected-level residual,S/M,EXCLUDED_MODEL,,N/A,N/A,N/A,N/A,N/A,N/A,N/A,N/A,Rules registry and detail,CLN_01_R02_SIGNAL,"Raw trigger: Billed level exceeds level predicted from diagnoses, age, setting and prior utilization by `cfg.delta`"
CLN-01-R03,CLN-01,Documentation-level conflict,E/T,DEFERRED_DOCUMENT,,N/A,N/A,N/A,N/A,N/A,N/A,N/A,N/A,Rules registry and detail,CLN_01_R03_SIGNAL,Raw trigger: Extracted work/severity/time elements do not meet policy for billed level
CLN-01-R04,CLN-01,Level migration changepoint,S,EXECUTABLE,required_presence,claim_line;diagnosis;encounter;provider_features,claim_line.level_migration_changepoint_present,test_evaluators.py,test_evaluators.py,test_evaluators.py,test_evaluators.py,test_evaluators.py,test_evaluators.py,Rules registry and detail,CLN_01_R04_SIGNAL,Raw trigger: Provider abruptly shifts to higher code levels absent case-mix/contract change
CLN-02-R01,CLN-02,Payment-changing secondary diagnosis,H/E,EXECUTABLE,required_presence,claim_line;diagnosis;encounter;provider_features,claim_line.payment_changing_secondary_diagnosis_present,test_evaluators.py,test_evaluators.py,test_evaluators.py,test_evaluators.py,test_evaluators.py,test_evaluators.py,Rules registry and detail,CLN_02_R01_SIGNAL,Raw trigger: Removing suspect secondary diagnosis lowers DRG/payment and code lacks required supporting evidence
CLN-02-R02,CLN-02,Comorbidity prevalence outlier,S,EXECUTABLE,peer_threshold,claim_line;diagnosis;encounter;provider_features,features.comorbidity_prevalence_outlier;peer.entity_count;features.denominator,test_evaluators.py,test_evaluators.py,test_evaluators.py,test_evaluators.py,test_evaluators.py,test_evaluators.py,Rules registry and detail,CLN_02_R02_SIGNAL,Raw trigger: Provider's CC/MCC or local severity-code rate exceeds risk-adjusted peers
CLN-02-R03,CLN-02,Prior-history inconsistency,E/S,EXECUTABLE,reference_match,claim_line;diagnosis;encounter;provider_features,claim_line.prior_history_inconsistency_observed;reference.prior_history_inconsistency_expected,test_evaluators.py,test_evaluators.py,test_evaluators.py,test_evaluators.py,test_evaluators.py,test_evaluators.py,Rules registry and detail,CLN_02_R03_SIGNAL,Raw trigger: Acute/severe diagnosis materially conflicts with longitudinal history and episode evidence
CLN-02-R04,CLN-02,POA/sequencing conflict,H/E,EXECUTABLE,reference_match,claim_line;diagnosis;encounter;provider_features,claim_line.poa_sequencing_conflict_observed;reference.poa_sequencing_conflict_expected,test_evaluators.py,test_evaluators.py,test_evaluators.py,test_evaluators.py,test_evaluators.py,test_evaluators.py,Rules registry and detail,CLN_02_R04_SIGNAL,Raw trigger: POA or principal/secondary sequence violates effective coding policy
CLN-02-R05,CLN-02,Severity-mix changepoint,S,EXECUTABLE,change_threshold,claim_line;diagnosis;encounter;provider_features,features.severity_mix_changepoint;peer.entity_count;features.denominator,test_evaluators.py,test_evaluators.py,test_evaluators.py,test_evaluators.py,test_evaluators.py,test_evaluators.py,Rules registry and detail,CLN_02_R05_SIGNAL,"Raw trigger: Severity index increases without corresponding procedure, LOS or referral shift"
CLN-03-R01,CLN-03,Impossible diagnosis–procedure pair,H,EXECUTABLE,reference_match,claim_line;diagnosis;encounter;code_reference,claim_line.impossible_diagnosis_procedure_pair_observed;reference.impossible_diagnosis_procedure_pair_expected,test_evaluators.py,test_evaluators.py,test_evaluators.py,test_evaluators.py,test_evaluators.py,test_evaluators.py,Rules registry and detail,CLN_03_R01_SIGNAL,Raw trigger: Pair explicitly prohibited by authoritative rule
CLN-03-R02,CLN-03,Unsupported indication,E,EXECUTABLE,compound_reference,claim_line;diagnosis;encounter;code_reference,claim_line.unsupported_indication_observed;reference.unsupported_indication_expected,test_evaluators.py,test_evaluators.py,test_evaluators.py,test_evaluators.py,test_evaluators.py,test_evaluators.py,Rules registry and detail,CLN_03_R02_SIGNAL,Raw trigger: No same-episode or lookback indication in curated policy
CLN-03-R03,CLN-03,Procedure sequence conflict,E,EXECUTABLE,required_presence,claim_line;diagnosis;encounter;code_reference,claim_line.procedure_sequence_conflict_present,test_evaluators.py,test_evaluators.py,test_evaluators.py,test_evaluators.py,test_evaluators.py,test_evaluators.py,Rules registry and detail,CLN_03_R03_SIGNAL,Raw trigger: Prerequisite procedure/result absent or service occurs in impossible order
CLN-03-R04,CLN-03,Rare pair/specialty anomaly,S,EXECUTABLE,peer_threshold,claim_line;diagnosis;encounter;code_reference,features.rare_pair_specialty_anomaly;peer.entity_count;features.denominator,test_evaluators.py,test_evaluators.py,test_evaluators.py,test_evaluators.py,test_evaluators.py,test_evaluators.py,Rules registry and detail,CLN_03_R04_SIGNAL,Raw trigger: Provider's rare combinations exceed specialty peer prevalence
CLN-04-R01,CLN-04,Minimum repeat interval,E,EXECUTABLE,date_window,claim_line;claim_history;observation;provider_features,history.days_since_equivalent_service;policy.minimum_repeat_days,test_evaluators.py,test_evaluators.py,test_evaluators.py,test_evaluators.py,test_evaluators.py,test_evaluators.py,Rules registry and detail,CLN_04_R01_SIGNAL,Raw trigger: Same/equivalent service repeated inside policy interval without accepted indicator
CLN-04-R02,CLN-04,Episode frequency excess,E/S,EXECUTABLE,peer_threshold,claim_line;claim_history;observation;provider_features,features.episode_frequency_excess;peer.entity_count;features.denominator,test_evaluators.py,test_evaluators.py,test_evaluators.py,test_evaluators.py,test_evaluators.py,test_evaluators.py,Rules registry and detail,CLN_04_R02_SIGNAL,Raw trigger: Count per episode/member exceeds policy maximum or risk-adjusted peer threshold
CLN-04-R03,CLN-04,No result before repeat,E,EXECUTABLE,required_presence,claim_line;claim_history;observation;provider_features,claim_line.no_result_before_repeat_present,test_evaluators.py,test_evaluators.py,test_evaluators.py,test_evaluators.py,test_evaluators.py,test_evaluators.py,Rules registry and detail,CLN_04_R03_SIGNAL,Raw trigger: Repeat diagnostic service occurs while prior result/report is absent or unchanged
CLN-04-R04,CLN-04,Provider utilization outlier,S,EXECUTABLE,peer_threshold,claim_line;claim_history;observation;provider_features,features.provider_utilization_outlier;peer.entity_count;features.denominator,test_evaluators.py,test_evaluators.py,test_evaluators.py,test_evaluators.py,test_evaluators.py,test_evaluators.py,Rules registry and detail,CLN_04_R04_SIGNAL,Raw trigger: Services per comparable episode/member exceed shrunk peers
CLN-04-R05,CLN-04,Cascade pattern,S/N,EXECUTABLE,graph_threshold,claim_line;claim_history;observation;provider_features,graph.cascade_pattern;graph.support_count,test_evaluators.py,test_evaluators.py,test_evaluators.py,test_evaluators.py,test_evaluators.py,test_evaluators.py,Rules registry and detail,CLN_04_R05_SIGNAL,Raw trigger: Initial low-intensity encounter reliably triggers unusually large downstream test/service bundle
CLN-05-R01,CLN-05,LOS high/low residual,S,EXECUTABLE,date_window,claim_header;encounter;diagnosis;claim_history,encounter.length_of_stay_days;peer.expected_los_low;peer.expected_los_high,test_evaluators.py,test_evaluators.py,test_evaluators.py,test_evaluators.py,test_evaluators.py,test_evaluators.py,Rules registry and detail,CLN_05_R01_SIGNAL,Raw trigger: LOS outside risk-adjusted DRG/diagnosis prediction interval
CLN-05-R02,CLN-05,Same/related readmission,E/S,EXECUTABLE,date_window,claim_header;encounter;diagnosis;claim_history,history.readmission_gap_days,test_evaluators.py,test_evaluators.py,test_evaluators.py,test_evaluators.py,test_evaluators.py,test_evaluators.py,Rules registry and detail,CLN_05_R02_SIGNAL,Raw trigger: Related admission inside `cfg.readmit_days` with payment impact
CLN-05-R03,CLN-05,Discharge-readmit split,H/E,EXECUTABLE,compound_reference,claim_header;encounter;diagnosis;claim_history,claim_header.discharge_readmit_split_observed;reference.discharge_readmit_split_expected,test_evaluators.py,test_evaluators.py,test_evaluators.py,test_evaluators.py,test_evaluators.py,test_evaluators.py,Rules registry and detail,CLN_05_R03_SIGNAL,Raw trigger: Two stays likely constitute one continuous episode under payment policy
CLN-05-R04,CLN-05,Admission-rate outlier,S,EXECUTABLE,peer_threshold,claim_header;encounter;diagnosis;claim_history,features.admission_rate_outlier;peer.entity_count;features.denominator,test_evaluators.py,test_evaluators.py,test_evaluators.py,test_evaluators.py,test_evaluators.py,test_evaluators.py,Rules registry and detail,CLN_05_R04_SIGNAL,Raw trigger: Provider admits unusually high share of comparable presentations
CLN-06-R01,CLN-06,Missing expected order/result trail,E,EXECUTABLE,required_presence,claim_line;encounter;observation;provider_features,claim_line.missing_expected_order_result_trail_present,test_evaluators.py,test_evaluators.py,test_evaluators.py,test_evaluators.py,test_evaluators.py,test_evaluators.py,Rules registry and detail,CLN_06_R01_SIGNAL,"Raw trigger: Billed diagnostic/therapy lacks required order, result, Observation or administration evidence"
CLN-06-R02,CLN-06,Closed/non-operational facility service,H/S,EXECUTABLE,peer_threshold,claim_line;encounter;observation;provider_features,features.closed_non_operational_facility_service;peer.entity_count;features.denominator,test_evaluators.py,test_evaluators.py,test_evaluators.py,test_evaluators.py,test_evaluators.py,test_evaluators.py,Rules registry and detail,CLN_06_R02_SIGNAL,Raw trigger: Service occurs outside verified operating period or facility shows no credible operating footprint
CLN-06-R03,CLN-06,Repeated synthetic encounter signature,S,EXECUTABLE,peer_threshold,claim_line;encounter;observation;provider_features,features.repeated_synthetic_encounter_signature;peer.entity_count;features.denominator,test_evaluators.py,test_evaluators.py,test_evaluators.py,test_evaluators.py,test_evaluators.py,test_evaluators.py,Rules registry and detail,CLN_06_R03_SIGNAL,Raw trigger: High rate of identical code/time/amount/note patterns across unrelated members
CLN-06-R04,CLN-06,Member denial/attendance mismatch,S,EXECUTABLE,reference_match,claim_line;encounter;observation;provider_features,claim_line.member_denial_attendance_mismatch_observed;reference.member_denial_attendance_mismatch_expected,test_evaluators.py,test_evaluators.py,test_evaluators.py,test_evaluators.py,test_evaluators.py,test_evaluators.py,Rules registry and detail,CLN_06_R04_SIGNAL,Raw trigger: Reliable member confirmation or attendance record says service not received
CLN-06-R05,CLN-06,No longitudinal clinical footprint,S,EXECUTABLE,required_presence,claim_line;encounter;observation;provider_features,claim_line.no_longitudinal_clinical_footprint_present,test_evaluators.py,test_evaluators.py,test_evaluators.py,test_evaluators.py,test_evaluators.py,test_evaluators.py,Rules registry and detail,CLN_06_R05_SIGNAL,"Raw trigger: Claimed high-impact service lacks expected follow-up, medication, result or episode consequences versus peers"
CLN-07-R01,CLN-07,Improbable service day,E/S,EXECUTABLE,peer_threshold,claim_line;encounter;provider_capacity;provider_features,features.improbable_service_day;peer.entity_count;features.denominator,test_evaluators.py,test_evaluators.py,test_evaluators.py,test_evaluators.py,test_evaluators.py,test_evaluators.py,Rules registry and detail,CLN_07_R01_SIGNAL,Raw trigger: Sum of conservative service minutes/units per clinician exceeds available day capacity
CLN-07-R02,CLN-07,Facility/staff capacity,E/S,EXECUTABLE,peer_threshold,claim_line;encounter;provider_capacity;provider_features,features.facility_staff_capacity;peer.entity_count;features.denominator,test_evaluators.py,test_evaluators.py,test_evaluators.py,test_evaluators.py,test_evaluators.py,test_evaluators.py,Rules registry and detail,CLN_07_R02_SIGNAL,Raw trigger: Claimed volume exceeds rooms/equipment/licensed staff capacity plus tolerance
CLN-07-R03,CLN-07,Scarce-equipment concurrency,E,EXECUTABLE,numeric_threshold,claim_line;encounter;provider_capacity;provider_features,claim_line.scarce_equipment_concurrency,test_evaluators.py,test_evaluators.py,test_evaluators.py,test_evaluators.py,test_evaluators.py,test_evaluators.py,Rules registry and detail,CLN_07_R03_SIGNAL,Raw trigger: Same device/resource required by overlapping services beyond capacity
CLN-07-R04,CLN-07,Capacity trend discontinuity,S,EXECUTABLE,change_threshold,claim_line;encounter;provider_capacity;provider_features,features.capacity_trend_discontinuity;peer.entity_count;features.denominator,test_evaluators.py,test_evaluators.py,test_evaluators.py,test_evaluators.py,test_evaluators.py,test_evaluators.py,Rules registry and detail,CLN_07_R04_SIGNAL,"Raw trigger: Throughput jumps without staff, hours, equipment or facility change"
CLN-08-R01,CLN-08,No qualified order/relationship,E,EXECUTABLE,required_presence,claim_line;diagnosis;observation;provider_network,claim_line.no_qualified_order_relationship_present,test_evaluators.py,test_evaluators.py,test_evaluators.py,test_evaluators.py,test_evaluators.py,test_evaluators.py,Rules registry and detail,CLN_08_R01_SIGNAL,Raw trigger: Test lacks valid ordering clinician or qualifying encounter/indication
CLN-08-R02,CLN-08,Panel/component inflation,H/E,EXECUTABLE,numeric_threshold,claim_line;diagnosis;observation;provider_network,claim_line.panel_component_inflation,test_evaluators.py,test_evaluators.py,test_evaluators.py,test_evaluators.py,test_evaluators.py,test_evaluators.py,Rules registry and detail,CLN_08_R02_SIGNAL,Raw trigger: Components billed separately or panel substantially exceeds ordered tests
CLN-08-R03,CLN-08,Absent/duplicate result,E/T,DEFERRED_DOCUMENT,,N/A,N/A,N/A,N/A,N/A,N/A,N/A,N/A,Rules registry and detail,CLN_08_R03_SIGNAL,Raw trigger: Paid test lacks result/report or identical result appears across unrelated patients
CLN-08-R04,CLN-08,Reference-lab/pass-through spread,S/N,EXECUTABLE,graph_threshold,claim_line;diagnosis;observation;provider_network,graph.reference_lab_pass_through_spread;graph.support_count,test_evaluators.py,test_evaluators.py,test_evaluators.py,test_evaluators.py,test_evaluators.py,test_evaluators.py,Rules registry and detail,CLN_08_R04_SIGNAL,Raw trigger: Billing entity adds abnormal markup or volume while test is performed by concentrated third party
CLN-08-R05,CLN-08,High-complexity/genetic test outlier,S,EXECUTABLE,peer_threshold,claim_line;diagnosis;observation;provider_network,features.high_complexity_genetic_test_outlier;peer.entity_count;features.denominator,test_evaluators.py,test_evaluators.py,test_evaluators.py,test_evaluators.py,test_evaluators.py,test_evaluators.py,Rules registry and detail,CLN_08_R05_SIGNAL,"Raw trigger: Provider ordering/rendering rate, panel size or cost exceeds risk-adjusted peers"
PHR-01-R01,PHR-01,Product identity mismatch,H,EXECUTABLE,reference_match,claim_line;prescription;authorization;dispense,claim_line.product_identity_mismatch_observed;reference.product_identity_mismatch_expected,test_evaluators.py,test_evaluators.py,test_evaluators.py,test_evaluators.py,test_evaluators.py,test_evaluators.py,Rules registry and detail,PHR_01_R01_SIGNAL,Raw trigger: Billed product differs from prescribed/authorized product and is not approved equivalent
PHR-01-R02,PHR-01,Quantity/strength/form mismatch,H/E,EXECUTABLE,reference_match,claim_line;prescription;authorization;dispense,claim_line.quantity_strength_form_mismatch_observed;reference.quantity_strength_form_mismatch_expected,test_evaluators.py,test_evaluators.py,test_evaluators.py,test_evaluators.py,test_evaluators.py,test_evaluators.py,Rules registry and detail,PHR_01_R02_SIGNAL,"Raw trigger: Billed quantity, strength or dosage form exceeds order/authorization"
PHR-01-R03,PHR-01,Dispense-claim mismatch,H,EXECUTABLE,reference_match,claim_line;prescription;authorization;dispense,claim_line.dispense_claim_mismatch_observed;reference.dispense_claim_mismatch_expected,test_evaluators.py,test_evaluators.py,test_evaluators.py,test_evaluators.py,test_evaluators.py,test_evaluators.py,Rules registry and detail,PHR_01_R03_SIGNAL,Raw trigger: Dispensing/inventory record differs from billed product/quantity
PHR-01-R04,PHR-01,Non-medical/uncovered substitution,E/S,EXECUTABLE,peer_threshold,claim_line;prescription;authorization;dispense,features.non_medical_uncovered_substitution;peer.entity_count;features.denominator,test_evaluators.py,test_evaluators.py,test_evaluators.py,test_evaluators.py,test_evaluators.py,test_evaluators.py,Rules registry and detail,PHR_01_R04_SIGNAL,Raw trigger: Member/receipt/inventory evidence indicates uncovered or non-medical item supplied
PHR-02-R01,PHR-02,Refill overlap,H/E,EXECUTABLE,date_window,claim_line;prescription;dispense;claim_history,prescription.remaining_supply_days,test_evaluators.py,test_evaluators.py,test_evaluators.py,test_evaluators.py,test_evaluators.py,test_evaluators.py,Rules registry and detail,PHR_02_R01_SIGNAL,Raw trigger: Remaining supply at next fill exceeds `cfg.allowed_overlap_days`
PHR-02-R02,PHR-02,Therapy-duration excess,E,EXECUTABLE,numeric_threshold,claim_line;prescription;dispense;claim_history,claim_line.therapy_duration_excess,test_evaluators.py,test_evaluators.py,test_evaluators.py,test_evaluators.py,test_evaluators.py,test_evaluators.py,Rules registry and detail,PHR_02_R02_SIGNAL,Raw trigger: Continuous fills exceed diagnosis/drug policy duration without review
PHR-02-R03,PHR-02,Multi-prescriber same-equivalent drug,E/S,EXECUTABLE,date_window,claim_line;prescription;dispense;claim_history,claim_line.multi_prescriber_same_equivalent_drug_days,test_evaluators.py,test_evaluators.py,test_evaluators.py,test_evaluators.py,test_evaluators.py,test_evaluators.py,Rules registry and detail,PHR_02_R03_SIGNAL,Raw trigger: Distinct prescribers within window exceed drug/specialty threshold
PHR-02-R04,PHR-02,Multi-pharmacy convergence,S/N,EXECUTABLE,graph_threshold,claim_line;prescription;dispense;claim_history,graph.multi_pharmacy_convergence;graph.support_count,test_evaluators.py,test_evaluators.py,test_evaluators.py,test_evaluators.py,test_evaluators.py,test_evaluators.py,Rules registry and detail,PHR_02_R04_SIGNAL,Raw trigger: Same member obtains overlapping equivalent drug from multiple pharmacies
PHR-03-R01,PHR-03,Dose/weight/body-surface conflict,E,EXECUTABLE,reference_match,claim_line;prescription;diagnosis;provider_features,prescription.claimed_dose;policy.minimum_dose;policy.maximum_dose,test_evaluators.py,test_evaluators.py,test_evaluators.py,test_evaluators.py,test_evaluators.py,test_evaluators.py,Rules registry and detail,PHR_03_R01_SIGNAL,Raw trigger: Claimed dose outside approved clinical range
PHR-03-R02,PHR-03,Drug-diagnosis/step-therapy conflict,E,EXECUTABLE,required_presence,claim_line;prescription;diagnosis;provider_features,claim_line.drug_diagnosis_step_therapy_conflict_present,test_evaluators.py,test_evaluators.py,test_evaluators.py,test_evaluators.py,test_evaluators.py,test_evaluators.py,Rules registry and detail,PHR_03_R02_SIGNAL,Raw trigger: Indication or prerequisite therapy absent
PHR-03-R03,PHR-03,Provider/pharmacy volume spike,S,EXECUTABLE,change_threshold,claim_line;prescription;diagnosis;provider_features,features.provider_pharmacy_volume_spike;peer.entity_count;features.denominator,test_evaluators.py,test_evaluators.py,test_evaluators.py,test_evaluators.py,test_evaluators.py,test_evaluators.py,Rules registry and detail,PHR_03_R03_SIGNAL,Raw trigger: Risk-adjusted volume/value changepoint without patient-mix shift
PHR-03-R04,PHR-03,Wastage/unused-vial anomaly,S,EXECUTABLE,peer_threshold,claim_line;prescription;diagnosis;provider_features,features.wastage_unused_vial_anomaly;peer.entity_count;features.denominator,test_evaluators.py,test_evaluators.py,test_evaluators.py,test_evaluators.py,test_evaluators.py,test_evaluators.py,Rules registry and detail,PHR_03_R04_SIGNAL,Raw trigger: Wastage units or vial rounding exceed comparable dosing peers
PHR-04-R01,PHR-04,Top-pharmacy concentration,S,EXECUTABLE,peer_threshold,prescription;dispense;provider_network;provider_features,features.top_pharmacy_concentration;peer.entity_count;features.denominator,test_evaluators.py,test_evaluators.py,test_evaluators.py,test_evaluators.py,test_evaluators.py,test_evaluators.py,Rules registry and detail,PHR_04_R01_SIGNAL,Raw trigger: Prescriber's share to top pharmacy exceeds geographic/specialty peers
PHR-04-R02,PHR-04,Reciprocal value loop,N,EXECUTABLE,graph_threshold,prescription;dispense;provider_network;provider_features,graph.reciprocal_value_loop;graph.support_count,test_evaluators.py,test_evaluators.py,test_evaluators.py,test_evaluators.py,test_evaluators.py,test_evaluators.py,Rules registry and detail,PHR_04_R02_SIGNAL,Raw trigger: Concentrated prescriber→pharmacy flow aligns with referrals/ownership/shared IDs
PHR-04-R03,PHR-04,High-cost steering,S/N,EXECUTABLE,graph_threshold,prescription;dispense;provider_network;provider_features,graph.high_cost_steering;graph.support_count,test_evaluators.py,test_evaluators.py,test_evaluators.py,test_evaluators.py,test_evaluators.py,test_evaluators.py,Rules registry and detail,PHR_04_R03_SIGNAL,Raw trigger: Concentration is materially stronger for profitable/high-cost drugs
PHR-04-R04,PHR-04,Rapid relationship formation,N,EXECUTABLE,graph_threshold,prescription;dispense;provider_network;provider_features,graph.rapid_relationship_formation;graph.support_count,test_evaluators.py,test_evaluators.py,test_evaluators.py,test_evaluators.py,test_evaluators.py,test_evaluators.py,Rules registry and detail,PHR_04_R04_SIGNAL,Raw trigger: New prescriber-pharmacy edge rapidly becomes dominant
PHR-05-R01,PHR-05,New/used/rental/purchase mismatch,H/E,EXECUTABLE,reference_match,claim_line;authorization;device_inventory;encounter,claim_line.new_used_rental_purchase_mismatch_observed;reference.new_used_rental_purchase_mismatch_expected,test_evaluators.py,test_evaluators.py,test_evaluators.py,test_evaluators.py,test_evaluators.py,test_evaluators.py,Rules registry and detail,PHR_05_R01_SIGNAL,"Raw trigger: Billed condition or payment method conflicts with authorization, serial/inventory or contract"
PHR-05-R02,PHR-05,Implant/device not linked to procedure,E,EXECUTABLE,required_presence,claim_line;authorization;device_inventory;encounter,claim_line.implant_device_not_linked_to_procedure_present,test_evaluators.py,test_evaluators.py,test_evaluators.py,test_evaluators.py,test_evaluators.py,test_evaluators.py,Rules registry and detail,PHR_05_R02_SIGNAL,"Raw trigger: Device/implant lacks qualifying procedure, laterality or operative record"
PHR-05-R03,PHR-05,Supply quantity/consumption excess,E/S,EXECUTABLE,peer_threshold,claim_line;authorization;device_inventory;encounter,features.supply_quantity_consumption_excess;peer.entity_count;features.denominator,test_evaluators.py,test_evaluators.py,test_evaluators.py,test_evaluators.py,test_evaluators.py,test_evaluators.py,Rules registry and detail,PHR_05_R03_SIGNAL,Raw trigger: Units exceed procedure/episode norm or repeat too soon for useful life
PHR-05-R04,PHR-05,Serial/inventory duplication,H/N,EXECUTABLE,graph_threshold,claim_line;authorization;device_inventory;encounter,graph.serial_inventory_duplication;graph.support_count,test_evaluators.py,test_evaluators.py,test_evaluators.py,test_evaluators.py,test_evaluators.py,test_evaluators.py,Rules registry and detail,PHR_05_R04_SIGNAL,Raw trigger: Same serial/batch billed for multiple members or claimed stock exceeds inventory/acquisition
DOC-01-R01,DOC-01,Required document absent,H/E,EXECUTABLE,required_presence,claim_line;document_metadata,claim_line.required_document_absent_present,test_evaluators.py,test_evaluators.py,test_evaluators.py,test_evaluators.py,test_evaluators.py,test_evaluators.py,Rules registry and detail,DOC_01_R01_SIGNAL,Raw trigger: Rule requires note/report/consent/Observation and it is missing after SLA
DOC-01-R02,DOC-01,Structured fact conflict,T/E,DEFERRED_DOCUMENT,,N/A,N/A,N/A,N/A,N/A,N/A,N/A,N/A,Rules registry and detail,DOC_01_R02_SIGNAL,"Raw trigger: Extracted diagnosis, procedure, date, quantity or setting contradicts claim/authorization"
DOC-01-R03,DOC-01,Medical-necessity support absent,T/E,DEFERRED_DOCUMENT,,N/A,N/A,N/A,N/A,N/A,N/A,N/A,N/A,Rules registry and detail,DOC_01_R03_SIGNAL,Raw trigger: Required indication/severity element cannot be found
DOC-01-R04,DOC-01,Authorization narrative drift,T,DEFERRED_DOCUMENT,,N/A,N/A,N/A,N/A,N/A,N/A,N/A,N/A,Rules registry and detail,DOC_01_R04_SIGNAL,Raw trigger: Material semantic/entity mismatch between request narrative and billed event
DOC-02-R01,DOC-02,Cross-patient near duplicate,T,DEFERRED_DOCUMENT,,N/A,N/A,N/A,N/A,N/A,N/A,N/A,N/A,Rules registry and detail,DOC_02_R01_SIGNAL,Raw trigger: Patient-specific content similarity exceeds threshold across unrelated members
DOC-02-R02,DOC-02,Contradictory copied facts,T/E,DEFERRED_DOCUMENT,,N/A,N/A,N/A,N/A,N/A,N/A,N/A,N/A,Rules registry and detail,DOC_02_R02_SIGNAL,Raw trigger: Note contains wrong patient demographics/date/laterality or impossible copied findings
DOC-02-R03,DOC-02,Post-denial material alteration,H/T,DEFERRED_DOCUMENT,,N/A,N/A,N/A,N/A,N/A,N/A,N/A,N/A,Rules registry and detail,DOC_02_R03_SIGNAL,Raw trigger: Document version changes reimbursement-relevant facts after denial without addendum provenance
DOC-02-R04,DOC-02,Template-to-complexity mismatch,T/S,DEFERRED_DOCUMENT,,N/A,N/A,N/A,N/A,N/A,N/A,N/A,N/A,Rules registry and detail,DOC_02_R04_SIGNAL,Raw trigger: High-complexity services supported by unusually generic notes versus peers
NET-01-R01,NET-01,Referral concentration outlier,S,EXECUTABLE,peer_threshold,claim_header;provider_network;provider_relationship,graph.top_recipient_share;graph.hhi;graph.edge_count,test_evaluators.py,test_evaluators.py,test_evaluators.py,test_evaluators.py,test_evaluators.py,test_evaluators.py,Rules registry and detail,NET_01_R01_SIGNAL,Raw trigger: Top-recipient share/HHI exceeds specialty/geographic peers
NET-01-R02,NET-01,Reciprocal referral loop,N,EXECUTABLE,graph_threshold,claim_header;provider_network;provider_relationship,graph.reciprocity;graph.opportunity_count,test_evaluators.py,test_evaluators.py,test_evaluators.py,test_evaluators.py,test_evaluators.py,test_evaluators.py,Rules registry and detail,NET_01_R02_SIGNAL,Raw trigger: A→B and B→A edges are unusually strong relative to opportunity
NET-01-R03,NET-01,High-cost conversion,S/N,EXECUTABLE,graph_threshold,claim_header;provider_network;provider_relationship,graph.high_cost_conversion;graph.support_count,test_evaluators.py,test_evaluators.py,test_evaluators.py,test_evaluators.py,test_evaluators.py,test_evaluators.py,Rules registry and detail,NET_01_R03_SIGNAL,Raw trigger: Referred members convert to high-cost service at abnormal rate/value
NET-01-R04,NET-01,Closed downstream chain,N,EXECUTABLE,graph_threshold,claim_header;provider_network;provider_relationship,graph.closed_downstream_chain;graph.support_count,test_evaluators.py,test_evaluators.py,test_evaluators.py,test_evaluators.py,test_evaluators.py,test_evaluators.py,Rules registry and detail,NET_01_R04_SIGNAL,Raw trigger: Referrer→lab/imaging/pharmacy chain retains members within small dense group
NET-02-R01,NET-02,Shared administrative identity,H/N,EXECUTABLE,graph_threshold,claim_header;provider_network;provider_relationship,graph.shared_administrative_identity;graph.support_count,test_evaluators.py,test_evaluators.py,test_evaluators.py,test_evaluators.py,test_evaluators.py,test_evaluators.py,Rules registry and detail,NET_02_R01_SIGNAL,"Raw trigger: Legally distinct entities share bank, phone, address, device or owner identifier"
NET-02-R02,NET-02,Dense member circulation,N,EXECUTABLE,graph_threshold,claim_header;provider_network;provider_relationship,graph.density;graph.external_flow_ratio;graph.node_count,test_evaluators.py,test_evaluators.py,test_evaluators.py,test_evaluators.py,test_evaluators.py,test_evaluators.py,Rules registry and detail,NET_02_R02_SIGNAL,Raw trigger: Community has abnormal internal member/provider edge density and low external flow
NET-02-R03,NET-02,Synchronized billing,N/S,EXECUTABLE,graph_threshold,claim_header;provider_network;provider_relationship,graph.synchronized_billing;graph.support_count,test_evaluators.py,test_evaluators.py,test_evaluators.py,test_evaluators.py,test_evaluators.py,test_evaluators.py,Rules registry and detail,NET_02_R03_SIGNAL,"Raw trigger: Community claims share unusual time, amount, code or resubmission signatures"
NET-02-R04,NET-02,Structural-change alert,N,EXECUTABLE,graph_threshold,claim_header;provider_network;provider_relationship,graph.structural_change_alert;graph.support_count,test_evaluators.py,test_evaluators.py,test_evaluators.py,test_evaluators.py,test_evaluators.py,test_evaluators.py,Rules registry and detail,NET_02_R04_SIGNAL,Raw trigger: Previously peripheral nodes rapidly become central/dense with material exposure
NET-03-R01,NET-03,Repeated high-value dyad,S/N,EXECUTABLE,graph_threshold,claim_header;provider_network;provider_relationship,graph.repeated_high_value_dyad;graph.support_count,test_evaluators.py,test_evaluators.py,test_evaluators.py,test_evaluators.py,test_evaluators.py,test_evaluators.py,Rules registry and detail,NET_03_R01_SIGNAL,Raw trigger: Member-provider pair has abnormal frequency/value and benefit exhaustion
NET-03-R02,NET-03,Small closed member group,N,EXECUTABLE,graph_threshold,claim_header;provider_network;provider_relationship,graph.small_closed_member_group;graph.support_count,test_evaluators.py,test_evaluators.py,test_evaluators.py,test_evaluators.py,test_evaluators.py,test_evaluators.py,Rules registry and detail,NET_03_R02_SIGNAL,Raw trigger: Provider activity concentrates in tightly connected member/employer group
NET-03-R03,NET-03,Inducement signature,S,EXECUTABLE,peer_threshold,claim_header;provider_network;provider_relationship,features.inducement_signature;peer.entity_count;features.denominator,test_evaluators.py,test_evaluators.py,test_evaluators.py,test_evaluators.py,test_evaluators.py,test_evaluators.py,Rules registry and detail,NET_03_R03_SIGNAL,"Raw trigger: Zero patient share, non-medical substitution or repetitive profitable services co-occur"
NET-03-R04,NET-03,Complaint/confirmation corroboration,S,EXECUTABLE,reference_match,claim_header;provider_network;provider_relationship,claim_header.complaint_confirmation_corroboration_observed;reference.complaint_confirmation_corroboration_expected,test_evaluators.py,test_evaluators.py,test_evaluators.py,test_evaluators.py,test_evaluators.py,test_evaluators.py,Rules registry and detail,NET_03_R04_SIGNAL,Raw trigger: Authenticated member evidence corroborates service/item or charge mismatch
NET-04-R01,NET-04,Confirmed-outcome rate,S,EXECUTABLE,peer_threshold,claim_header;policy_enrollment;provider_relationship,features.confirmed_outcome_rate;peer.entity_count;features.denominator,test_evaluators.py,test_evaluators.py,test_evaluators.py,test_evaluators.py,test_evaluators.py,test_evaluators.py,Rules registry and detail,NET_04_R01_SIGNAL,Raw trigger: Hierarchical model shows excess validated FWA/error outcomes by originator/group
NET-04-R02,NET-04,Provider concentration,S/N,EXECUTABLE,graph_threshold,claim_header;policy_enrollment;provider_relationship,graph.provider_concentration;graph.support_count,test_evaluators.py,test_evaluators.py,test_evaluators.py,test_evaluators.py,test_evaluators.py,test_evaluators.py,Rules registry and detail,NET_04_R02_SIGNAL,Raw trigger: Originator/group members disproportionately use a small provider network
NET-04-R03,NET-04,Early-tenure high-risk cluster,S,EXECUTABLE,peer_threshold,claim_header;policy_enrollment;provider_relationship,features.early_tenure_high_risk_cluster;peer.entity_count;features.denominator,test_evaluators.py,test_evaluators.py,test_evaluators.py,test_evaluators.py,test_evaluators.py,test_evaluators.py,Rules registry and detail,NET_04_R03_SIGNAL,Raw trigger: High-cost claims shortly after enrollment cluster by originator/group beyond morbidity expectation
NET-04-R04,NET-04,Shared identifiers/actors,N,EXECUTABLE,graph_threshold,claim_header;policy_enrollment;provider_relationship,graph.shared_identifiers_actors;graph.support_count,test_evaluators.py,test_evaluators.py,test_evaluators.py,test_evaluators.py,test_evaluators.py,test_evaluators.py,Rules registry and detail,NET_04_R04_SIGNAL,"Raw trigger: Broker, employer, member and provider share suspicious contact/payment/device links"
ANL-01-R01,ANL-01,Robust peer composite,S,EXECUTABLE,peer_threshold,claim_history;provider_features;peer_baseline,provider.robust_peer_composite;peer.entity_count,test_evaluators.py,test_evaluators.py,test_evaluators.py,test_evaluators.py,test_evaluators.py,test_evaluators.py,Rules registry and detail,ANL_01_R01_SIGNAL,Raw trigger: Weighted robust residuals across scenario-aligned features exceed calibrated threshold
ANL-01-R02,ANL-01,Self-history changepoint,S,EXECUTABLE,change_threshold,claim_history;provider_features;peer_baseline,provider.current_period_value;provider.baseline_value;provider.history_periods,test_evaluators.py,test_evaluators.py,test_evaluators.py,test_evaluators.py,test_evaluators.py,test_evaluators.py,Rules registry and detail,ANL_01_R02_SIGNAL,"Raw trigger: CUSUM/Bayesian changepoint on value, mix, frequency or denial behavior"
ANL-01-R03,ANL-01,Unsupervised incremental anomaly,M,EXCLUDED_MODEL,,N/A,N/A,N/A,N/A,N/A,N/A,N/A,N/A,Rules registry and detail,ANL_01_R03_SIGNAL,Raw trigger: Benchmarked model flags entity and adds lift beyond R01/R02
ANL-01-R04,ANL-01,Novel-cluster discovery,M,EXCLUDED_MODEL,,N/A,N/A,N/A,N/A,N/A,N/A,N/A,N/A,Rules registry and detail,ANL_01_R04_SIGNAL,Raw trigger: Analyst-reviewed cluster exhibits coherent new typology and material exposure
POL-01-R01,POL-01,Eligibility/roster conflict,H,EXECUTABLE,duplicate_count,claim_header;coverage_period;policy_enrollment,claim_header.eligibility_roster_conflict_match_count,test_evaluators.py,test_evaluators.py,test_evaluators.py,test_evaluators.py,test_evaluators.py,test_evaluators.py,Rules registry and detail,POL_01_R01_SIGNAL,Raw trigger: Enrolled member lacks valid sponsor/employment/dependent relationship or duplicate active identity exists
POL-01-R02,POL-01,Retroactive event after service,H/S,EXECUTABLE,date_window,claim_header;coverage_period;policy_enrollment,claim_header.retroactive_event_after_service_days,test_evaluators.py,test_evaluators.py,test_evaluators.py,test_evaluators.py,test_evaluators.py,test_evaluators.py,Rules registry and detail,POL_01_R02_SIGNAL,Raw trigger: Member add/change occurs after high-cost service with actor/time pattern outside policy
POL-01-R03,POL-01,Application/claim fact conflict,E,EXECUTABLE,reference_match,claim_header;coverage_period;policy_enrollment,claim_header.application_claim_fact_conflict_observed;reference.application_claim_fact_conflict_expected,test_evaluators.py,test_evaluators.py,test_evaluators.py,test_evaluators.py,test_evaluators.py,test_evaluators.py,Rules registry and detail,POL_01_R03_SIGNAL,Raw trigger: Material application declaration conflicts with authoritative prior coverage/claim history where legally usable
POL-01-R04,POL-01,Early-tenure utilization anomaly,S,EXECUTABLE,peer_threshold,claim_header;coverage_period;policy_enrollment,features.early_tenure_utilization_anomaly;peer.entity_count;features.denominator,test_evaluators.py,test_evaluators.py,test_evaluators.py,test_evaluators.py,test_evaluators.py,test_evaluators.py,Rules registry and detail,POL_01_R04_SIGNAL,Raw trigger: Claim pattern shortly after inception exceeds tenure/risk-adjusted expectation
POL-01-R05,POL-01,Employer/broker enrollment cluster,S/N,EXECUTABLE,graph_threshold,claim_header;coverage_period;policy_enrollment,graph.employer_broker_enrollment_cluster;graph.support_count,test_evaluators.py,test_evaluators.py,test_evaluators.py,test_evaluators.py,test_evaluators.py,test_evaluators.py,Rules registry and detail,POL_01_R05_SIGNAL,"Raw trigger: Suspicious member additions, identity links or early claims cluster by employer/originator"
